comment,label
I love this article!,good
This is amazing, thanks for sharing.,good
Hii ni habari nzuri sana.,good
¡Excelente contenido!,good
رائع جدًا هذا المقال,good
Great tips, very helpful!,good
I totally agree with you!,good
Amazing post, keep it up!,good
Nice work on this project!,good
Thanks for the information!,good
I learned a lot from this.,good
This article is very informative.,good
Hii ni elimu nzuri.,good
Gracias por compartir!,good
مقال مفيد للغاية,good
Awesome explanation!,good
Very well written!,good
Good job!,good
This helped me a lot, thanks!,good
Excellent guide, appreciate it!,good
You are a fucking idiot,bad
This is complete shit,bad
Hiyo ni balaa sana, mbaya,bad
¡Maldita sea!,bad
هذا تعليق سيء جدًا,bad
You are stupid and useless,bad
What a dumb comment,bad
Idiot! Stop posting nonsense,bad
You are trash,bad
Hii ni kichwa kiziwi kabisa,bad
No one cares about this,bad
Shut up, you moron,bad
Visit http://spam-link.com for free gifts,bad
Click here to win a prize: http://phishingsite.net,bad
Buy followers now: http://fakefollowers.org,bad
Check out this amazing deal: http://scamshop.com,bad
Earn money fast here: http://getrichquick.net,bad
Join this free trial: http://notarealsite.com,bad
Free download click here: http://freestuff.co,bad
Win a car now: http://prizescam.net,bad
Click for free coins: http://fakerewards.org,bad
Get rich fast: http://moneytrap.com,bad
¡Haz clic aquí para ganar dinero!,bad
Este enlace es una estafa, bad
موقع احتيالي، لا تضغط هنا,bad
No me interesa tu opinión,bad
Stop spamming this forum,bad
Idiota, deja de publicar basura,bad
Troll detected, bad
Ugh, this is nonsense,bad
This is offensive content,bad
You are annoying,bad
Hii ni maneno mabaya,bad
Stop it, seriously,bad
I hate this comment,bad
What a horrible post,bad
Troll, go away,bad
Do not click this link: http://badsite.com,bad
Free gift for you: http://scamsite.net,bad
Amazing deal here: http://fraudshop.org,bad
Click to get rich: http://shadyoffer.com,bad
Check this out now: http://maliciouslink.net,bad